[ 
  {
    "name": "Virginia",
    "short": "VA",
    "holidays": [
      { "name": "New Year's Day (Observed)", "when": "Jan 1 (Observed)", "notes": "State holiday" },
      { "name": "Martin Luther King Jr. Day", "when": "Third Monday in January" },
      { "name": "George Washington Day (Presidents Day)", "when": "Third Monday in February" },
      { "name": "Memorial Day", "when": "Last Monday in May" },
      { "name": "Juneteenth", "when": "June 19" },
      { "name": "Independence Day", "when": "July 4" },
      { "name": "Labor Day", "when": "First Monday in September" },
      { "name": "Yorktown Victory Day", "when": "October 19 (state holiday)", "notes": "Virginia-exclusive" },
      { "name": "Election Day (state employees)", "when": "First Tuesday after the first Monday in November", "notes": "VA grants office hours for voting" },
      { "name": "Veterans Day", "when": "Nov 11" },
      { "name": "Thanksgiving", "when": "Fourth Thursday in November" },
      { "name": "Christmas (Observed)", "when": "Dec 25 (Observed)" }
    ],
    "details": "In Virginia, state employees enjoy a particularly generous holiday schedule. In 2026, you can leverage unique state holidays like Election Day and Yorktown Victory Day to maximize time off.",
    "detailedHTML": "<h3>Virginia (State Employee Edition) — 2026 Highlights</h3>\n<p>In Virginia, state employees enjoy a particularly generous holiday schedule. In 2026, you can leverage unique state holidays like Election Day, Yorktown Victory Day, and additional holiday hours to maximize your time off. By strategically using a small number of PTO days, you can multiply and stack weekends and state holidays for long vacations.</p>\n<h4>2026 Virginia PTO Maximizer (State Employee Edition)</h4>\n<table class=\"table\">\n  <thead>\n    <tr>\n      <th>Month</th>\n      <th>Vacation Window</th>\n      <th>PTO Cost</th>\n      <th>Days Off</th>\n      <th>Derivation Logic (The Strategy)</th>\n    </tr>\n  </thead>\n  <tbody>\n    <tr><td>JAN</td><td>Jan 1 – Jan 4</td><td>1</td><td>4</td><td>New Year's is Thursday. Take Fri (Jan 2) for a 4-day kickoff.</td></tr>\n    <tr><td>JAN</td><td>Jan 17 – Jan 25</td><td>4</td><td>9</td><td>The Stack: Use MLK Monday + 4 PTO days to bridge two weekends.</td></tr>\n    <tr><td>FEB</td><td>Feb 14 – Feb 17</td><td>1</td><td>4</td><td>George Washington Day (Mon). Take Tue (Feb 17) for a 4-day trip.</td></tr>\n    <tr><td>MAY</td><td>May 23 – May 31</td><td>4</td><td>9</td><td>Summer Start: Memorial Day Mon + 4 PTO days for a 9-day break.</td></tr>\n    <tr><td>JUN</td><td>June 19 – June 21</td><td>0</td><td>3</td><td>Natural 3-Day: Juneteenth falls on a Friday. No PTO needed.</td></tr>\n    <tr><td>JUL</td><td>July 3 – July 6</td><td>1</td><td>4</td><td>Independence Day (Observed Fri). Take Mon (July 6) for 4 days.</td></tr>\n    <tr><td>SEP</td><td>Sept 5 – Sept 8</td><td>1</td><td>4</td><td>Labor Day (Mon). Take Tue (Sept 8) for a 4-day late summer reset.</td></tr>\n    <tr><td>OCT</td><td>Oct 10 – Oct 13</td><td>1</td><td>4</td><td>VA Exclusive: Yorktown Victory Day (Mon). Take Tue for 4 days.</td></tr>\n    <tr><td>NOV</td><td>Oct 31 – Nov 3</td><td>1</td><td>4</td><td>VA Exclusive: Election Day (Tue). Take Mon (Nov 2) for 4 days.</td></tr>\n    <tr><td>NOV</td><td>Nov 7 – Nov 11</td><td>2</td><td>5</td><td>Veterans Day is Wed. Take Mon/Tue to link to the weekend.</td></tr>\n    <tr><td>NOV</td><td>Nov 25 – Nov 29</td><td>0.5</td><td>5</td><td>The 4-Hour Hack: State grants 4 hours off Wed. Use 0.5 PTO to get 5 days.</td></tr>\n    <tr><td>DEC</td><td>Dec 24 – Dec 27</td><td>0</td><td>4</td><td>Natural 4-Day: State grants 8 hours (full day) on Dec 24. No PTO needed!</td></tr>\n    <tr><td>DEC</td><td>Dec 31 – Jan 3</td><td>1</td><td>4</td><td>Take Dec 31 (Thurs) to bridge the New Year's Fri holiday to the weekend.</td></tr>\n  </tbody>\n</table>\n<p><strong>Total (2026):</strong> ~17.5 PTO days to get 65 days off (Efficiency: stay OOO for over 2 months using minimal leave).</p>\n"
  },

  {
    "name": "Alabama",
    "short": "AL",
    "holidays": [
      { "name": "New Year's Day", "when": "Jan 1" },
      { "name": "MLK Day", "when": "Third Monday in January" },
      { "name": "Memorial Day", "when": "Last Monday in May" },
      { "name": "Independence Day", "when": "July 4" },
      { "name": "Labor Day", "when": "First Monday in September" },
      { "name": "Veterans Day", "when": "Nov 11" },
      { "name": "Thanksgiving", "when": "Fourth Thursday in November" },
      { "name": "Christmas Day", "when": "Dec 25" }
    ],
    "details": "Federal holidays + state-level observances (placeholder)."
  },

  {
    "name": "Alaska",
    "short": "AK",
    "holidays": [
      { "name": "New Year's Day", "when": "Jan 1" },
      { "name": "MLK Day", "when": "Third Monday in January" },
      { "name": "Presidents' Day", "when": "Third Monday in February" },
      { "name": "Memorial Day", "when": "Last Monday in May" },
      { "name": "Independence Day", "when": "July 4" },
      { "name": "Labor Day", "when": "First Monday in September" },
      { "name": "Veterans Day", "when": "Nov 11" },
      { "name": "Thanksgiving", "when": "Fourth Thursday in November" },
      { "name": "Christmas Day", "when": "Dec 25" }
    ],
    "details": "Federal holidays (placeholders)."
  },

  {
    "name": "Arizona",
    "short": "AZ",
    "holidays": [
      { "name": "New Year's Day", "when": "Jan 1" },
      { "name": "MLK Day", "when": "Third Monday in January" },
      { "name": "Presidents' Day", "when": "Third Monday in February" },
      { "name": "Memorial Day", "when": "Last Monday in May" },
      { "name": "Independence Day", "when": "July 4" },
      { "name": "Labor Day", "when": "First Monday in September" },
      { "name": "Veterans Day", "when": "Nov 11" },
      { "name": "Thanksgiving", "when": "Fourth Thursday in November" },
      { "name": "Christmas Day", "when": "Dec 25" }
    ],
    "details": "Federal holidays (placeholders)."
  },

  {
    "name": "Arkansas",
    "short": "AR",
    "holidays": [
      { "name": "New Year's Day", "when": "Jan 1" },
      { "name": "MLK Day", "when": "Third Monday in January" },
      { "name": "Presidents' Day", "when": "Third Monday in February" },
      { "name": "Memorial Day", "when": "Last Monday in May" },
      { "name": "Independence Day", "when": "July 4" },
      { "name": "Labor Day", "when": "First Monday in September" },
      { "name": "Veterans Day", "when": "Nov 11" },
      { "name": "Thanksgiving", "when": "Fourth Thursday in November" },
      { "name": "Christmas Day", "when": "Dec 25" }
    ],
    "details": "Federal holidays (placeholders)."
  },

  {
    "name": "California",
    "short": "CA",
    "holidays": [
      { "name": "New Year's Day", "when": "Jan 1" },
      { "name": "MLK Day", "when": "Third Monday in January" },
      { "name": "Presidents' Day", "when": "Third Monday in February" },
      { "name": "Cesar Chavez Day (state)", "when": "March 31", "notes":"CA state observance (varies by agency)" },
      { "name": "Memorial Day", "when": "Last Monday in May" },
      { "name": "Independence Day", "when": "July 4" },
      { "name": "Labor Day", "when": "First Monday in September" },
      { "name": "Veterans Day", "when": "Nov 11" },
      { "name": "Thanksgiving", "when": "Fourth Thursday in November" },
      { "name": "Christmas Day", "when": "Dec 25" }
    ],
    "details": "Includes CA-specific holidays like Cesar Chavez Day for some agencies."
  },

  {
    "name": "Colorado",
    "short": "CO",
    "holidays": [
      { "name": "New Year's Day", "when": "Jan 1" },
      { "name": "MLK Day", "when": "Third Monday in January" },
      { "name": "Memorial Day", "when": "Last Monday in May" },
      { "name": "Independence Day", "when": "July 4" },
      { "name": "Labor Day", "when": "First Monday in September" },
      { "name": "Veterans Day", "when": "Nov 11" },
      { "name": "Thanksgiving", "when": "Fourth Thursday in November" },
      { "name": "Christmas Day", "when": "Dec 25" }
    ],
    "details": "Federal holidays (placeholders)."
  },

  {
    "name": "Connecticut",
    "short": "CT",
    "holidays": [
      { "name": "New Year's Day", "when": "Jan 1" },
      { "name": "MLK Day", "when": "Third Monday in January" },
      { "name": "Presidents' Day", "when": "Third Monday in February" },
      { "name": "Memorial Day", "when": "Last Monday in May" },
      { "name": "Independence Day", "when": "July 4" },
      { "name": "Labor Day", "when": "First Monday in September" },
      { "name": "Veterans Day", "when": "Nov 11" },
      { "name": "Thanksgiving", "when": "Fourth Thursday in November" },
      { "name": "Christmas Day", "when": "Dec 25" }
    ],
    "details": "Federal holidays (placeholders)."
  },

  {
    "name": "Delaware",
    "short": "DE",
    "holidays": [
      { "name": "New Year's Day", "when": "Jan 1" },
      { "name": "MLK Day", "when": "Third Monday in January" },
      { "name": "Presidents' Day", "when": "Third Monday in February" },
      { "name": "Memorial Day", "when": "Last Monday in May" },
      { "name": "Independence Day", "when": "July 4" },
      { "name": "Labor Day", "when": "First Monday in September" },
      { "name": "Veterans Day", "when": "Nov 11" },
      { "name": "Thanksgiving", "when": "Fourth Thursday in November" },
      { "name": "Christmas Day", "when": "Dec 25" }
    ],
    "details": "Federal holidays (placeholders)."
  },

  {
    "name": "District of Columbia",
    "short": "DC",
    "holidays": [
      { "name": "New Year's Day", "when": "Jan 1" },
      { "name": "MLK Day", "when": "Third Monday in January" },
      { "name": "Presidents' Day", "when": "Third Monday in February" },
      { "name": "Juneteenth", "when": "June 19" },
      { "name": "Independence Day", "when": "July 4" },
      { "name": "Labor Day", "when": "First Monday in September" },
      { "name": "Veterans Day", "when": "Nov 11" },
      { "name": "Thanksgiving", "when": "Fourth Thursday in November" },
      { "name": "Christmas Day", "when": "Dec 25" }
    ],
    "details": "Federal holidays plus DC observances."
  },

  {
    "name": "Florida",
    "short": "FL",
    "holidays": [
      { "name": "New Year's Day", "when": "Jan 1" },
      { "name": "MLK Day", "when": "Third Monday in January" },
      { "name": "Presidents' Day", "when": "Third Monday in February" },
      { "name": "Memorial Day", "when": "Last Monday in May" },
      { "name": "Independence Day", "when": "July 4" },
      { "name": "Labor Day", "when": "First Monday in September" },
      { "name": "Veterans Day", "when": "Nov 11" },
      { "name": "Thanksgiving", "when": "Fourth Thursday in November" },
      { "name": "Christmas Day", "when": "Dec 25" }
    ],
    "details": "Federal holidays (placeholders)."
  },

  {
    "name": "Georgia",
    "short": "GA",
    "holidays": [
      { "name": "New Year's Day", "when": "Jan 1" },
      { "name": "MLK Day", "when": "Third Monday in January" },
      { "name": "Presidents' Day", "when": "Third Monday in February" },
      { "name": "Memorial Day", "when": "Last Monday in May" },
      { "name": "Independence Day", "when": "July 4" },
      { "name": "Labor Day", "when": "First Monday in September" },
      { "name": "Veterans Day", "when": "Nov 11" },
      { "name": "Thanksgiving", "when": "Fourth Thursday in November" },
      { "name": "Christmas Day", "when": "Dec 25" }
    ],
    "details": "Federal holidays (placeholders)."
  },

  {
    "name": "Hawaii",
    "short": "HI",
    "holidays": [
      { "name": "New Year's Day", "when": "Jan 1" },
      { "name": "Prince Jonah Kuhio Kalanianaole Day", "when": "Mar 26 (HI state)" },
      { "name": "Memorial Day", "when": "Last Monday in May" },
      { "name": "Independence Day", "when": "July 4" },
      { "name": "Labor Day", "when": "First Monday in September" },
      { "name": "Veterans Day", "when": "Nov 11" },
      { "name": "Thanksgiving", "when": "Fourth Thursday in November" },
      { "name": "Christmas Day", "when": "Dec 25" }
    ],
    "details": "Includes Hawaii-specific state holidays."
  },

  {
    "name": "Idaho",
    "short": "ID",
    "holidays": [
      { "name": "New Year's Day", "when": "Jan 1" },
      { "name": "MLK Day", "when": "Third Monday in January" },
      { "name": "Presidents' Day", "when": "Third Monday in February" },
      { "name": "Memorial Day", "when": "Last Monday in May" },
      { "name": "Independence Day", "when": "July 4" },
      { "name": "Labor Day", "when": "First Monday in September" },
      { "name": "Veterans Day", "when": "Nov 11" },
      { "name": "Thanksgiving", "when": "Fourth Thursday in November" },
      { "name": "Christmas Day", "when": "Dec 25" }
    ],
    "details": "Federal holidays (placeholders)."
  },

  {
    "name": "Illinois",
    "short": "IL",
    "holidays": [
      { "name": "New Year's Day", "when": "Jan 1" },
      { "name": "MLK Day", "when": "Third Monday in January" },
      { "name": "Presidents' Day", "when": "Third Monday in February" },
      { "name": "Casimir Pulaski Day (IL - selective)", "when": "First Monday in March", "notes":"Selective agencies observe" },
      { "name": "Memorial Day", "when": "Last Monday in May" },
      { "name": "Independence Day", "when": "July 4" },
      { "name": "Labor Day", "when": "First Monday in September" },
      { "name": "Veterans Day", "when": "Nov 11" },
      { "name": "Thanksgiving", "when": "Fourth Thursday in November" },
      { "name": "Christmas Day", "when": "Dec 25" }
    ],
    "details": "Some IL-specific holidays included as placeholders."
  },

  {
    "name": "Indiana",
    "short": "IN",
    "holidays": [
      { "name": "New Year's Day", "when": "Jan 1" },
      { "name": "MLK Day", "when": "Third Monday in January" },
      { "name": "Presidents' Day", "when": "Third Monday in February" },
      { "name": "Memorial Day", "when": "Last Monday in May" },
      { "name": "Independence Day", "when": "July 4" },
      { "name": "Labor Day", "when": "First Monday in September" },
      { "name": "Veterans Day", "when": "Nov 11" },
      { "name": "Thanksgiving", "when": "Fourth Thursday in November" },
      { "name": "Christmas Day", "when": "Dec 25" }
    ],
    "details": "Federal holidays (placeholders)."
  },

  {
    "name": "Iowa",
    "short": "IA",
    "holidays": [
      { "name": "New Year's Day", "when": "Jan 1" },
      { "name": "MLK Day", "when": "Third Monday in January" },
      { "name": "Presidents' Day", "when": "Third Monday in February" },
      { "name": "Memorial Day", "when": "Last Monday in May" },
      { "name": "Independence Day", "when": "July 4" },
      { "name": "Labor Day", "when": "First Monday in September" },
      { "name": "Veterans Day", "when": "Nov 11" },
      { "name": "Thanksgiving", "when": "Fourth Thursday in November" },
      { "name": "Christmas Day", "when": "Dec 25" }
    ],
    "details": "Federal holidays (placeholders)."
  },

  {
    "name": "Kansas",
    "short": "KS",
    "holidays": [
      { "name": "New Year's Day", "when": "Jan 1" },
      { "name": "MLK Day", "when": "Third Monday in January" },
      { "name": "Presidents' Day", "when": "Third Monday in February" },
      { "name": "Memorial Day", "when": "Last Monday in May" },
      { "name": "Independence Day", "when": "July 4" },
      { "name": "Labor Day", "when": "First Monday in September" },
      { "name": "Veterans Day", "when": "Nov 11" },
      { "name": "Thanksgiving", "when": "Fourth Thursday in November" },
      { "name": "Christmas Day", "when": "Dec 25" }
    ],
    "details": "Federal holidays (placeholders)."
  },

  {
    "name": "Kentucky",
    "short": "KY",
    "holidays": [
      { "name": "New Year's Day", "when": "Jan 1" },
      { "name": "MLK Day", "when": "Third Monday in January" },
      { "name": "Presidents' Day", "when": "Third Monday in February" },
      { "name": "Memorial Day", "when": "Last Monday in May" },
      { "name": "Independence Day", "when": "July 4" },
      { "name": "Labor Day", "when": "First Monday in September" },
      { "name": "Veterans Day", "when": "Nov 11" },
      { "name": "Thanksgiving", "when": "Fourth Thursday in November" },
      { "name": "Christmas Day", "when": "Dec 25" }
    ],
    "details": "Federal holidays (placeholders)."
  },

  {
    "name": "Louisiana",
    "short": "LA",
    "holidays": [
      { "name": "New Year's Day", "when": "Jan 1" },
      { "name": "MLK Day", "when": "Third Monday in January" },
      { "name": "Presidents' Day", "when": "Third Monday in February" },
      { "name": "Memorial Day", "when": "Last Monday in May" },
      { "name": "Independence Day", "when": "July 4" },
      { "name": "Labor Day", "when": "First Monday in September" },
      { "name": "Veterans Day", "when": "Nov 11" },
      { "name": "Thanksgiving", "when": "Fourth Thursday in November" },
      { "name": "Christmas Day", "when": "Dec 25" }
    ],
    "details": "Federal holidays (placeholders)."
  },

  {
    "name": "Maine",
    "short": "ME",
    "holidays": [
      { "name": "New Year's Day", "when": "Jan 1" },
      { "name": "MLK Day", "when": "Third Monday in January" },
      { "name": "Presidents' Day", "when": "Third Monday in February" },
      { "name": "Patriots' Day (ME)", "when": "Third Monday in April", "notes":"State holiday in Maine" },
      { "name": "Memorial Day", "when": "Last Monday in May" },
      { "name": "Independence Day", "when": "July 4" },
      { "name": "Labor Day", "when": "First Monday in September" },
      { "name": "Veterans Day", "when": "Nov 11" },
      { "name": "Thanksgiving", "when": "Fourth Thursday in November" },
      { "name": "Christmas Day", "when": "Dec 25" }
    ],
    "details": "Includes Maine-specific observance (Patriots' Day)."
  },

  {
    "name": "Maryland",
    "short": "MD",
    "holidays": [
      { "name": "New Year's Day", "when": "Jan 1" },
      { "name": "MLK Day", "when": "Third Monday in January" },
      { "name": "Presidents' Day", "when": "Third Monday in February" },
      { "name": "Memorial Day", "when": "Last Monday in May" },
      { "name": "Juneteenth", "when": "June 19" },
      { "name": "Independence Day", "when": "July 4" },
      { "name": "Labor Day", "when": "First Monday in September" },
      { "name": "Veterans Day", "when": "Nov 11" },
      { "name": "Thanksgiving", "when": "Fourth Thursday in November" },
      { "name": "Christmas Day", "when": "Dec 25" }
    ],
    "details": "Federal holidays (placeholders)."
  },

  {
    "name": "Massachusetts",
    "short": "MA",
    "holidays": [
      { "name": "New Year's Day", "when": "Jan 1" },
      { "name": "MLK Day", "when": "Third Monday in January" },
      { "name": "Presidents' Day", "when": "Third Monday in February" },
      { "name": "Patriots' Day (MA)", "when": "Third Monday in April", "notes":"MA state holiday" },
      { "name": "Memorial Day", "when": "Last Monday in May" },
      { "name": "Independence Day", "when": "July 4" },
      { "name": "Labor Day", "when": "First Monday in September" },
      { "name": "Veterans Day", "when": "Nov 11" },
      { "name": "Thanksgiving", "when": "Fourth Thursday in November" },
      { "name": "Christmas Day", "when": "Dec 25" }
    ],
    "details": "Includes MA-specific Patriots' Day."
  },

  {
    "name": "Michigan",
    "short": "MI",
    "holidays": [
      { "name": "New Year's Day", "when": "Jan 1" },
      { "name": "MLK Day", "when": "Third Monday in January" },
      { "name": "Presidents' Day", "when": "Third Monday in February" },
      { "name": "Memorial Day", "when": "Last Monday in May" },
      { "name": "Independence Day", "when": "July 4" },
      { "name": "Labor Day", "when": "First Monday in September" },
      { "name": "Veterans Day", "when": "Nov 11" },
      { "name": "Thanksgiving", "when": "Fourth Thursday in November" },
      { "name": "Christmas Day", "when": "Dec 25" }
    ],
    "details": "Federal holidays (placeholders)."
  },

  {
    "name": "Minnesota",
    "short": "MN",
    "holidays": [
      { "name": "New Year's Day", "when": "Jan 1" },
      { "name": "MLK Day", "when": "Third Monday in January" },
      { "name": "Presidents' Day", "when": "Third Monday in February" },
      { "name": "Memorial Day", "when": "Last Monday in May" },
      { "name": "Independence Day", "when": "July 4" },
      { "name": "Labor Day", "when": "First Monday in September" },
      { "name": "Veterans Day", "when": "Nov 11" },
      { "name": "Thanksgiving", "when": "Fourth Thursday in November" },
      { "name": "Christmas Day", "when": "Dec 25" }
    ],
    "details": "Federal holidays (placeholders)."
  },

  {
    "name": "Mississippi",
    "short": "MS",
    "holidays": [
      { "name": "New Year's Day", "when": "Jan 1" },
      { "name": "MLK Day", "when": "Third Monday in January" },
      { "name": "Presidents' Day", "when": "Third Monday in February" },
      { "name": "Memorial Day", "when": "Last Monday in May" },
      { "name": "Independence Day", "when": "July 4" },
      { "name": "Labor Day", "when": "First Monday in September" },
      { "name": "Veterans Day", "when": "Nov 11" },
      { "name": "Thanksgiving", "when": "Fourth Thursday in November" },
      { "name": "Christmas Day", "when": "Dec 25" }
    ],
    "details": "Federal holidays (placeholders)."
  },

  {
    "name": "Missouri",
    "short": "MO",
    "holidays": [
      { "name": "New Year's Day", "when": "Jan 1" },
      { "name": "MLK Day", "when": "Third Monday in January" },
      { "name": "Presidents' Day", "when": "Third Monday in February" },
      { "name": "Memorial Day", "when": "Last Monday in May" },
      { "name": "Independence Day", "when": "July 4" },
      { "name": "Labor Day", "when": "First Monday in September" },
      { "name": "Veterans Day", "when": "Nov 11" },
      { "name": "Thanksgiving", "when": "Fourth Thursday in November" },
      { "name": "Christmas Day", "when": "Dec 25" }
    ],
    "details": "Federal holidays (placeholders)."
  },

  {
    "name": "Montana",
    "short": "MT",
    "holidays": [
      { "name": "New Year's Day", "when": "Jan 1" },
      { "name": "MLK Day", "when": "Third Monday in January" },
      { "name": "President's Day", "when": "Third Monday in February" },
      { "name": "Memorial Day", "when": "Last Monday in May" },
      { "name": "Independence Day", "when": "July 4" },
      { "name": "Labor Day", "when": "First Monday in September" },
      { "name": "Veterans Day", "when": "Nov 11" },
      { "name": "Thanksgiving", "when": "Fourth Thursday in November" },
      { "name": "Christmas Day", "when": "Dec 25" }
    ],
    "details": "Federal holidays (placeholders)."
  },

  {
    "name": "Nebraska",
    "short": "NE",
    "holidays": [
      { "name": "New Year's Day", "when": "Jan 1" },
      { "name": "MLK Day", "when": "Third Monday in January" },
      { "name": "Presidents' Day", "when": "Third Monday in February" },
      { "name": "Memorial Day", "when": "Last Monday in May" },
      { "name": "Independence Day", "when": "July 4" },
      { "name": "Labor Day", "when": "First Monday in September" },
      { "name": "Veterans Day", "when": "Nov 11" },
      { "name": "Thanksgiving", "when": "Fourth Thursday in November" },
      { "name": "Christmas Day", "when": "Dec 25" }
    ],
    "details": "Federal holidays (placeholders)."
  },

  {
    "name": "Nevada",
    "short": "NV",
    "holidays": [
      { "name": "New Year's Day", "when": "Jan 1" },
      { "name": "MLK Day", "when": "Third Monday in January" },
      { "name": "Presidents' Day", "when": "Third Monday in February" },
      { "name": "Memorial Day", "when": "Last Monday in May" },
      { "name": "Independence Day", "when": "July 4" },
      { "name": "Labor Day", "when": "First Monday in September" },
      { "name": "Veterans Day", "when": "Nov 11" },
      { "name": "Thanksgiving", "when": "Fourth Thursday in November" },
      { "name": "Christmas Day", "when": "Dec 25" }
    ],
    "details": "Federal holidays (placeholders)."
  },

  {
    "name": "New Hampshire",
    "short": "NH",
    "holidays": [
      { "name": "New Year's Day", "when": "Jan 1" },
      { "name": "MLK Day", "when": "Third Monday in January" },
      { "name": "Presidents' Day", "when": "Third Monday in February" },
      { "name": "Memorial Day", "when": "Last Monday in May" },
      { "name": "Independence Day", "when": "July 4" },
      { "name": "Labor Day", "when": "First Monday in September" },
      { "name": "Veterans Day", "when": "Nov 11" },
      { "name": "Thanksgiving", "when": "Fourth Thursday in November" },
      { "name": "Christmas Day", "when": "Dec 25" }
    ],
    "details": "Federal holidays (placeholders)."
  },

  {
    "name": "New Jersey",
    "short": "NJ",
    "holidays": [
      { "name": "New Year's Day", "when": "Jan 1" },
      { "name": "MLK Day", "when": "Third Monday in January" },
      { "name": "Presidents' Day", "when": "Third Monday in February" },
      { "name": "Memorial Day", "when": "Last Monday in May" },
      { "name": "Independence Day", "when": "July 4" },
      { "name": "Labor Day", "when": "First Monday in September" },
      { "name": "Veterans Day", "when": "Nov 11" },
      { "name": "Thanksgiving", "when": "Fourth Thursday in November" },
      { "name": "Christmas Day", "when": "Dec 25" }
    ],
    "details": "Federal holidays (placeholders)."
  },

  {
    "name": "New Mexico",
    "short": "NM",
    "holidays": [
      { "name": "New Year's Day", "when": "Jan 1" },
      { "name": "MLK Day", "when": "Third Monday in January" },
      { "name": "Presidents' Day", "when": "Third Monday in February" },
      { "name": "Memorial Day", "when": "Last Monday in May" },
      { "name": "Independence Day", "when": "July 4" },
      { "name": "Labor Day", "when": "First Monday in September" },
      { "name": "Veterans Day", "when": "Nov 11" },
      { "name": "Thanksgiving", "when": "Fourth Thursday in November" },
      { "name": "Christmas Day", "when": "Dec 25" }
    ],
    "details": "Federal holidays (placeholders)."
  },

  {
    "name": "New York",
    "short": "NY",
    "holidays": [
      { "name": "New Year's Day", "when": "Jan 1" },
      { "name": "MLK Day", "when": "Third Monday in January" },
      { "name": "Presidents' Day", "when": "Third Monday in February" },
      { "name": "Memorial Day", "when": "Last Monday in May" },
      { "name": "Independence Day", "when": "July 4" },
      { "name": "Labor Day", "when": "First Monday in September" },
      { "name": "Veterans Day", "when": "Nov 11" },
      { "name": "Thanksgiving", "when": "Fourth Thursday in November" },
      { "name": "Christmas Day", "when": "Dec 25" }
    ],
    "details": "Federal holidays (placeholders)."
  },

  {
    "name": "North Carolina",
    "short": "NC",
    "holidays": [
      { "name": "New Year's Day", "when": "Jan 1" },
      { "name": "MLK Day", "when": "Third Monday in January" },
      { "name": "Presidents' Day", "when": "Third Monday in February" },
      { "name": "Memorial Day", "when": "Last Monday in May" },
      { "name": "Independence Day", "when": "July 4" },
      { "name": "Labor Day", "when": "First Monday in September" },
      { "name": "Veterans Day", "when": "Nov 11" },
      { "name": "Thanksgiving", "when": "Fourth Thursday in November" },
      { "name": "Christmas Day", "when": "Dec 25" }
    ],
    "details": "Federal holidays (placeholders)."
  },

  {
    "name": "North Dakota",
    "short": "ND",
    "holidays": [
      { "name": "New Year's Day", "when": "Jan 1" },
      { "name": "MLK Day", "when": "Third Monday in January" },
      { "name": "Presidents' Day", "when": "Third Monday in February" },
      { "name": "Memorial Day", "when": "Last Monday in May" },
      { "name": "Independence Day", "when": "July 4" },
      { "name": "Labor Day", "when": "First Monday in September" },
      { "name": "Veterans Day", "when": "Nov 11" },
      { "name": "Thanksgiving", "when": "Fourth Thursday in November" },
      { "name": "Christmas Day", "when": "Dec 25" }
    ],
    "details": "Federal holidays (placeholders)."
  },

  {
    "name": "Ohio",
    "short": "OH",
    "holidays": [
      { "name": "New Year's Day", "when": "Jan 1" },
      { "name": "MLK Day", "when": "Third Monday in January" },
      { "name": "Presidents' Day", "when": "Third Monday in February" },
      { "name": "Memorial Day", "when": "Last Monday in May" },
      { "name": "Independence Day", "when": "July 4" },
      { "name": "Labor Day", "when": "First Monday in September" },
      { "name": "Veterans Day", "when": "Nov 11" },
      { "name": "Thanksgiving", "when": "Fourth Thursday in November" },
      { "name": "Christmas Day", "when": "Dec 25" }
    ],
    "details": "Federal holidays (placeholders)."
  },

  {
    "name": "Oklahoma",
    "short": "OK",
    "holidays": [
      { "name": "New Year's Day", "when": "Jan 1" },
      { "name": "MLK Day", "when": "Third Monday in January" },
      { "name": "Presidents' Day", "when": "Third Monday in February" },
      { "name": "Memorial Day", "when": "Last Monday in May" },
      { "name": "Independence Day", "when": "July 4" },
      { "name": "Labor Day", "when": "First Monday in September" },
      { "name": "Veterans Day", "when": "Nov 11" },
      { "name": "Thanksgiving", "when": "Fourth Thursday in November" },
      { "name": "Christmas Day", "when": "Dec 25" }
    ],
    "details": "Federal holidays (placeholders)."
  },

  {
    "name": "Oregon",
    "short": "OR",
    "holidays": [
      { "name": "New Year's Day", "when": "Jan 1" },
      { "name": "MLK Day", "when": "Third Monday in January" },
      { "name": "Presidents' Day", "when": "Third Monday in February" },
      { "name": "Memorial Day", "when": "Last Monday in May" },
      { "name": "Independence Day", "when": "July 4" },
      { "name": "Labor Day", "when": "First Monday in September" },
      { "name": "Veterans Day", "when": "Nov 11" },
      { "name": "Thanksgiving", "when": "Fourth Thursday in November" },
      { "name": "Christmas Day", "when": "Dec 25" }
    ],
    "details": "Federal holidays (placeholders)."
  },

  {
    "name": "Pennsylvania",
    "short": "PA",
    "holidays": [
      { "name": "New Year's Day", "when": "Jan 1" },
      { "name": "MLK Day", "when": "Third Monday in January" },
      { "name": "Presidents' Day", "when": "Third Monday in February" },
      { "name": "Memorial Day", "when": "Last Monday in May" },
      { "name": "Independence Day", "when": "July 4" },
      { "name": "Labor Day", "when": "First Monday in September" },
      { "name": "Veterans Day", "when": "Nov 11" },
      { "name": "Thanksgiving", "when": "Fourth Thursday in November" },
      { "name": "Christmas Day", "when": "Dec 25" }
    ],
    "details": "Federal holidays (placeholders)."
  },

  {
    "name": "Rhode Island",
    "short": "RI",
    "holidays": [
      { "name": "New Year's Day", "when": "Jan 1" },
      { "name": "MLK Day", "when": "Third Monday in January" },
      { "name": "Presidents' Day", "when": "Third Monday in February" },
      { "name": "Memorial Day", "when": "Last Monday in May" },
      { "name": "Independence Day", "when": "July 4" },
      { "name": "Labor Day", "when": "First Monday in September" },
      { "name": "Veterans Day", "when": "Nov 11" },
      { "name": "Thanksgiving", "when": "Fourth Thursday in November" },
      { "name": "Christmas Day", "when": "Dec 25" }
    ],
    "details": "Federal holidays (placeholders)."
  },

  {
    "name": "South Carolina",
    "short": "SC",
    "holidays": [
      { "name": "New Year's Day", "when": "Jan 1" },
      { "name": "MLK Day", "when": "Third Monday in January" },
      { "name": "Presidents' Day", "when": "Third Monday in February" },
      { "name": "Memorial Day", "when": "Last Monday in May" },
      { "name": "Juneteenth", "when": "June 19" },
      { "name": "Independence Day", "when": "July 4" },
      { "name": "Labor Day", "when": "First Monday in September" },
      { "name": "Veterans Day", "when": "Nov 11" },
      { "name": "Thanksgiving", "when": "Fourth Thursday in November" },
      { "name": "Christmas Day", "when": "Dec 25" }
    ],
    "details": "Federal holidays (placeholders)."
  },

  {
    "name": "South Dakota",
    "short": "SD",
    "holidays": [
      { "name": "New Year's Day", "when": "Jan 1" },
      { "name": "MLK Day", "when": "Third Monday in January" },
      { "name": "Presidents' Day", "when": "Third Monday in February" },
      { "name": "Memorial Day", "when": "Last Monday in May" },
      { "name": "Independence Day", "when": "July 4" },
      { "name": "Labor Day", "when": "First Monday in September" },
      { "name": "Veterans Day", "when": "Nov 11" },
      { "name": "Thanksgiving", "when": "Fourth Thursday in November" },
      { "name": "Christmas Day", "when": "Dec 25" }
    ],
    "details": "Federal holidays (placeholders)."
  },

  {
    "name": "Tennessee",
    "short": "TN",
    "holidays": [
      { "name": "New Year's Day", "when": "Jan 1" },
      { "name": "MLK Day", "when": "Third Monday in January" },
      { "name": "Presidents' Day", "when": "Third Monday in February" },
      { "name": "Memorial Day", "when": "Last Monday in May" },
      { "name": "Independence Day", "when": "July 4" },
      { "name": "Labor Day", "when": "First Monday in September" },
      { "name": "Veterans Day", "when": "Nov 11" },
      { "name": "Thanksgiving", "when": "Fourth Thursday in November" },
      { "name": "Christmas Day", "when": "Dec 25" }
    ],
    "details": "Federal holidays (placeholders)."
  },

  {
    "name": "Texas",
    "short": "TX",
    "holidays": [
      { "name": "New Year's Day", "when": "Jan 1" },
      { "name": "MLK Day", "when": "Third Monday in January" },
      { "name": "Presidents' Day", "when": "Third Monday in February" },
      { "name": "Memorial Day", "when": "Last Monday in May" },
      { "name": "Juneteenth", "when": "June 19" },
      { "name": "Independence Day", "when": "July 4" },
      { "name": "Labor Day", "when": "First Monday in September" },
      { "name": "Veterans Day", "when": "Nov 11" },
      { "name": "Thanksgiving", "when": "Fourth Thursday in November" },
      { "name": "Christmas Day", "when": "Dec 25" }
    ],
    "details": "Federal holidays (placeholders)."
  },

  {
    "name": "Utah",
    "short": "UT",
    "holidays": [
      { "name": "New Year's Day", "when": "Jan 1" },
      { "name": "MLK Day", "when": "Third Monday in January" },
      { "name": "Presidents' Day", "when": "Third Monday in February" },
      { "name": "Memorial Day", "when": "Last Monday in May" },
      { "name": "Independence Day", "when": "July 4" },
      { "name": "Labor Day", "when": "First Monday in September" },
      { "name": "Veterans Day", "when": "Nov 11" },
      { "name": "Thanksgiving", "when": "Fourth Thursday in November" },
      { "name": "Christmas Day", "when": "Dec 25" }
    ],
    "details": "Federal holidays (placeholders)."
  },

  {
    "name": "Vermont",
    "short": "VT",
    "holidays": [
      { "name": "New Year's Day", "when": "Jan 1" },
      { "name": "MLK Day", "when": "Third Monday in January" },
      { "name": "Presidents' Day", "when": "Third Monday in February" },
      { "name": "Memorial Day", "when": "Last Monday in May" },
      { "name": "Independence Day", "when": "July 4" },
      { "name": "Labor Day", "when": "First Monday in September" },
      { "name": "Veterans Day", "when": "Nov 11" },
      { "name": "Thanksgiving", "when": "Fourth Thursday in November" },
      { "name": "Christmas Day", "when": "Dec 25" }
    ],
    "details": "Federal holidays (placeholders)."
  },

  {
    "name": "Virginia",
    "short": "VA-duplicate",
    "holidays": [],
    "details": "Duplicate placeholder (redundant entry — safe to delete)."
  },

  {
    "name": "Washington",
    "short": "WA",
    "holidays": [
      { "name": "New Year's Day", "when": "Jan 1" },
      { "name": "MLK Day", "when": "Third Monday in January" },
      { "name": "Presidents' Day", "when": "Third Monday in February" },
      { "name": "Memorial Day", "when": "Last Monday in May" },
      { "name": "Juneteenth", "when": "June 19" },
      { "name": "Independence Day", "when": "July 4" },
      { "name": "Labor Day", "when": "First Monday in September" },
      { "name": "Veterans Day", "when": "Nov 11" },
      { "name": "Thanksgiving", "when": "Fourth Thursday in November" },
      { "name": "Christmas Day", "when": "Dec 25" }
    ],
    "details": "Federal holidays (placeholders)."
  },

  {
    "name": "West Virginia",
    "short": "WV",
    "holidays": [
      { "name": "New Year's Day", "when": "Jan 1" },
      { "name": "MLK Day", "when": "Third Monday in January" },
      { "name": "Presidents' Day", "when": "Third Monday in February" },
      { "name": "Memorial Day", "when": "Last Monday in May" },
      { "name": "Independence Day", "when": "July 4" },
      { "name": "Labor Day", "when": "First Monday in September" },
      { "name": "Veterans Day", "when": "Nov 11" },
      { "name": "Thanksgiving", "when": "Fourth Thursday in November" },
      { "name": "Christmas Day", "when": "Dec 25" }
    ],
    "details": "Federal holidays (placeholders)."
  },

  {
    "name": "Wisconsin",
    "short": "WI",
    "holidays": [
      { "name": "New Year's Day", "when": "Jan 1" },
      { "name": "MLK Day", "when": "Third Monday in January" },
      { "name": "Presidents' Day", "when": "Third Monday in February" },
      { "name": "Memorial Day", "when": "Last Monday in May" },
      { "name": "Independence Day", "when": "July 4" },
      { "name": "Labor Day", "when": "First Monday in September" },
      { "name": "Veterans Day", "when": "Nov 11" },
      { "name": "Thanksgiving", "when": "Fourth Thursday in November" },
      { "name": "Christmas Day", "when": "Dec 25" }
    ],
    "details": "Federal holidays (placeholders)."
  },

  {
    "name": "Wyoming",
    "short": "WY",
    "holidays": [
      { "name": "New Year's Day", "when": "Jan 1" },
      { "name": "MLK Day", "when": "Third Monday in January" },
      { "name": "Presidents' Day", "when": "Third Monday in February" },
      { "name": "Memorial Day", "when": "Last Monday in May" },
      { "name": "Independence Day", "when": "July 4" },
      { "name": "Labor Day", "when": "First Monday in September" },
      { "name": "Veterans Day", "when": "Nov 11" },
      { "name": "Thanksgiving", "when": "Fourth Thursday in November" },
      { "name": "Christmas Day", "when": "Dec 25" }
    ],
    "details": "Federal holidays (placeholders)."
  }
]
